{
    "version": "https://jsonfeed.org/version/1",
    "title": "Mediocre At Best",
    "description": "",
    "home_page_url": "https://www.MAB-BJT.com",
    "feed_url": "https://www.MAB-BJT.com/feed.json",
    "user_comment": "",
    "author": {
        "name": "Bdan Thaw"
    },
    "items": [
        {
            "id": "https://www.MAB-BJT.com/web-designing.html",
            "url": "https://www.MAB-BJT.com/web-designing.html",
            "title": "Web Designing",
            "summary": "[{\"id\":1591068052526,\"type\":\"publii-image\",\"content\":{\"image\":\"https://www.MAB-BJT.com/media/posts/3/asd.PNG\",\"imageHeight\":694,\"imageWidth\":684,\"alt\":\"\",\"caption\":\"\"},\"config\":{\"imageAlign\":\"center\",\"link\":{\"url\":\"\",\"noFollow\":false,\"targetBlank\":false,\"sponsored\":false,\"ugc\":false},\"advanced\":{\"cssClasses\":\"\",\"id\":\"\"}}},{\"id\":1591068085272,\"type\":\"publii-paragraph\",\"content\":\"This is custom AWS network build for static web server yes.\",\"config\":{\"textAlign\":\"left\",\"advanced\":{\"style\":\"\",\"cssClasses\":\"\",\"id\":\"\"}}}]",
            "content_html": "[{\"id\":1591068052526,\"type\":\"publii-image\",\"content\":{\"image\":\"https://www.MAB-BJT.com/media/posts/3/asd.PNG\",\"imageHeight\":694,\"imageWidth\":684,\"alt\":\"\",\"caption\":\"\"},\"config\":{\"imageAlign\":\"center\",\"link\":{\"url\":\"\",\"noFollow\":false,\"targetBlank\":false,\"sponsored\":false,\"ugc\":false},\"advanced\":{\"cssClasses\":\"\",\"id\":\"\"}}},{\"id\":1591068085272,\"type\":\"publii-paragraph\",\"content\":\"This is custom AWS network build for static web server yes.\",\"config\":{\"textAlign\":\"left\",\"advanced\":{\"style\":\"\",\"cssClasses\":\"\",\"id\":\"\"}}}]",
            "author": {
                "name": "Bdan Thaw"
            },
            "tags": [
            ],
            "date_published": "2020-06-02T11:21:48+08:00",
            "date_modified": "2020-06-02T11:21:48+08:00"
        },
        {
            "id": "https://www.MAB-BJT.com/hey-guuuuys.html",
            "url": "https://www.MAB-BJT.com/hey-guuuuys.html",
            "title": "Hey Guuuuys!",
            "summary": "[{\"id\":1591067836335,\"type\":\"publii-image\",\"content\":{\"image\":\"https://www.MAB-BJT.com/media/posts/2/stun.jpg\",\"imageHeight\":360,\"imageWidth\":480,\"alt\":\"\",\"caption\":\"\"},\"config\":{\"imageAlign\":\"center\",\"link\":{\"url\":\"\",\"noFollow\":false,\"targetBlank\":false,\"sponsored\":false,\"ugc\":false},\"advanced\":{\"cssClasses\":\"\",\"id\":\"\"}}},{\"id\":1591067839927,\"type\":\"publii-paragraph\",\"content\":\"Hey guuuys,\",\"config\":{\"textAlign\":\"left\",\"advanced\":{\"style\":\"\",\"cssClasses\":\"\",\"id\":\"\"}}},{\"id\":1591067857873,\"type\":\"publii-paragraph\",\"content\":\"Look - a stun - he killed me with a stun he can't do that :(\",\"config\":{\"textAlign\":\"left\",\"advanced\":{\"style\":\"\",\"cssClasses\":\"\",\"id\":\"\"}}},{\"id\":1591067882487,\"type\":\"publii-paragraph\",\"content\":\"Thanks for visiting my page guuuuys.\",\"config\":{\"textAlign\":\"left\",\"advanced\":{\"style\":\"\",\"cssClasses\":\"\",\"id\":\"\"}}},{\"id\":1591067895430,\"type\":\"publii-paragraph\",\"content\":\"Bai&nbsp;\",\"config\":{\"textAlign\":\"left\",\"advanced\":{\"style\":\"\",\"cssClasses\":\"\",\"id\":\"\"}}}]",
            "content_html": "[{\"id\":1591067836335,\"type\":\"publii-image\",\"content\":{\"image\":\"https://www.MAB-BJT.com/media/posts/2/stun.jpg\",\"imageHeight\":360,\"imageWidth\":480,\"alt\":\"\",\"caption\":\"\"},\"config\":{\"imageAlign\":\"center\",\"link\":{\"url\":\"\",\"noFollow\":false,\"targetBlank\":false,\"sponsored\":false,\"ugc\":false},\"advanced\":{\"cssClasses\":\"\",\"id\":\"\"}}},{\"id\":1591067839927,\"type\":\"publii-paragraph\",\"content\":\"Hey guuuys,\",\"config\":{\"textAlign\":\"left\",\"advanced\":{\"style\":\"\",\"cssClasses\":\"\",\"id\":\"\"}}},{\"id\":1591067857873,\"type\":\"publii-paragraph\",\"content\":\"Look - a stun - he killed me with a stun he can't do that :(\",\"config\":{\"textAlign\":\"left\",\"advanced\":{\"style\":\"\",\"cssClasses\":\"\",\"id\":\"\"}}},{\"id\":1591067882487,\"type\":\"publii-paragraph\",\"content\":\"Thanks for visiting my page guuuuys.\",\"config\":{\"textAlign\":\"left\",\"advanced\":{\"style\":\"\",\"cssClasses\":\"\",\"id\":\"\"}}},{\"id\":1591067895430,\"type\":\"publii-paragraph\",\"content\":\"Bai&nbsp;\",\"config\":{\"textAlign\":\"left\",\"advanced\":{\"style\":\"\",\"cssClasses\":\"\",\"id\":\"\"}}}]",
            "author": {
                "name": "Bdan Thaw"
            },
            "tags": [
            ],
            "date_published": "2020-06-02T11:18:20+08:00",
            "date_modified": "2020-06-02T11:18:20+08:00"
        },
        {
            "id": "https://www.MAB-BJT.com/mediocre-at-best.html",
            "url": "https://www.MAB-BJT.com/mediocre-at-best.html",
            "title": "Mediocre At Best",
            "summary": "[{\"id\":1591067069852,\"type\":\"publii-image\",\"content\":{\"image\":\"https://www.MAB-BJT.com/media/posts/1/yes.jpg\",\"imageHeight\":682,\"imageWidth\":1023,\"alt\":\"\",\"caption\":\"\"},\"config\":{\"imageAlign\":\"center\",\"link\":{\"url\":\"\",\"noFollow\":false,\"targetBlank\":false,\"sponsored\":false,\"ugc\":false},\"advanced\":{\"cssClasses\":\"\",\"id\":\"\"}}},{\"id\":1591067076719,\"type\":\"publii-paragraph\",\"content\":\"Here at MAB we strive for an average result in every field we invest in. Just like our CEO says:\",\"config\":{\"textAlign\":\"left\",\"advanced\":{\"style\":\"\",\"cssClasses\":\"\",\"id\":\"\"}}},{\"id\":1591067161888,\"type\":\"publii-paragraph\",\"content\":\"\\\"You'll never catch me overperforming\\\" - Real CEO\",\"config\":{\"textAlign\":\"left\",\"advanced\":{\"style\":\"\",\"cssClasses\":\"\",\"id\":\"\"}}},{\"id\":1591067184196,\"type\":\"publii-paragraph\",\"content\":\"and we have taken that to heart and used it to form our company motto...\",\"config\":{\"textAlign\":\"left\",\"advanced\":{\"style\":\"\",\"cssClasses\":\"\",\"id\":\"\"}}},{\"id\":1591067236997,\"type\":\"publii-paragraph\",\"content\":\"So remember \\\"Don't be outstanding,&hellip;",
            "content_html": "[{\"id\":1591067069852,\"type\":\"publii-image\",\"content\":{\"image\":\"https://www.MAB-BJT.com/media/posts/1/yes.jpg\",\"imageHeight\":682,\"imageWidth\":1023,\"alt\":\"\",\"caption\":\"\"},\"config\":{\"imageAlign\":\"center\",\"link\":{\"url\":\"\",\"noFollow\":false,\"targetBlank\":false,\"sponsored\":false,\"ugc\":false},\"advanced\":{\"cssClasses\":\"\",\"id\":\"\"}}},{\"id\":1591067076719,\"type\":\"publii-paragraph\",\"content\":\"Here at MAB we strive for an average result in every field we invest in. Just like our CEO says:\",\"config\":{\"textAlign\":\"left\",\"advanced\":{\"style\":\"\",\"cssClasses\":\"\",\"id\":\"\"}}},{\"id\":1591067161888,\"type\":\"publii-paragraph\",\"content\":\"\\\"You'll never catch me overperforming\\\" - Real CEO\",\"config\":{\"textAlign\":\"left\",\"advanced\":{\"style\":\"\",\"cssClasses\":\"\",\"id\":\"\"}}},{\"id\":1591067184196,\"type\":\"publii-paragraph\",\"content\":\"and we have taken that to heart and used it to form our company motto...\",\"config\":{\"textAlign\":\"left\",\"advanced\":{\"style\":\"\",\"cssClasses\":\"\",\"id\":\"\"}}},{\"id\":1591067236997,\"type\":\"publii-paragraph\",\"content\":\"So remember \\\"Don't be outstanding, just be average.\\\"\",\"config\":{\"textAlign\":\"left\",\"advanced\":{\"style\":\"\",\"cssClasses\":\"\",\"id\":\"\"}}}]",
            "author": {
                "name": "Bdan Thaw"
            },
            "tags": [
            ],
            "date_published": "2020-06-02T11:07:46+08:00",
            "date_modified": "2020-06-02T11:07:46+08:00"
        }
    ]
}
