[
    {
        "path": "404.html",
        "type": "file",
        "md5": "62a56b67c851332312903e30e20ab7df"
    },
    {
        "path": "assets",
        "type": "directory",
        "md5": false
    },
    {
        "path": "assets/css",
        "type": "directory",
        "md5": false
    },
    {
        "path": "/assets/css/editor.css",
        "type": "file",
        "md5": "4202808df745f2ac7ab250606fa0d272"
    },
    {
        "path": "/assets/css/main.css",
        "type": "file",
        "md5": "085cec4f7c330741156f92055ce3798f"
    },
    {
        "path": "/assets/css/photoswipe.css",
        "type": "file",
        "md5": "7331f6eb15671b2fc8e3ffd46e849f7b"
    },
    {
        "path": "/assets/css/style.css",
        "type": "file",
        "md5": "62e8df36bdf811f64a0b85ee4c4eeae5"
    },
    {
        "path": "assets/js",
        "type": "directory",
        "md5": false
    },
    {
        "path": "/assets/js/photoswipe-ui-default.min.js",
        "type": "file",
        "md5": "9952f77ca2b8fbc9449a268008ea8dee"
    },
    {
        "path": "/assets/js/photoswipe.min.js",
        "type": "file",
        "md5": "b586a3bc288c989ecce7b81b48e35855"
    },
    {
        "path": "/assets/js/scripts.js",
        "type": "file",
        "md5": "b00814b406ac7700d941b23e08c545b0"
    },
    {
        "path": "/assets/js/scripts.min.js",
        "type": "file",
        "md5": "205f40927e4a45297a0b266e50ad78d5"
    },
    {
        "path": "/assets/js/svg-fix.js",
        "type": "file",
        "md5": "9b7d020c55e2b4f77ab40c97f88f9ff4"
    },
    {
        "path": "/assets/js/svg2js.js",
        "type": "file",
        "md5": "2edce17568ef29c308f3d0e28c9c7a06"
    },
    {
        "path": "assets/svg",
        "type": "directory",
        "md5": false
    },
    {
        "path": "/assets/svg/gallery-icons-dark.svg",
        "type": "file",
        "md5": "b40f17fabcda1519011795fa715c5751"
    },
    {
        "path": "/assets/svg/gallery-icons-light.svg",
        "type": "file",
        "md5": "ae5b8ffffb37a64a9be016441a42d939"
    },
    {
        "path": "/assets/svg/search.svg",
        "type": "file",
        "md5": "a5bb83b82b98f41b359f20dbf9db6e44"
    },
    {
        "path": "/assets/svg/svg-map.svg",
        "type": "file",
        "md5": "63bac2a8e88021dd997efbd9d8271be2"
    },
    {
        "path": "authors",
        "type": "directory",
        "md5": false
    },
    {
        "path": "authors/bdan-thaw",
        "type": "directory",
        "md5": false
    },
    {
        "path": "/authors/bdan-thaw/index.html",
        "type": "file",
        "md5": "6ceba650a9c1ea052f268344b02b5e13"
    },
    {
        "path": "feed.json",
        "type": "file",
        "md5": "5ff27351190cb16ccf7c181929556616"
    },
    {
        "path": "feed.xml",
        "type": "file",
        "md5": "d2e9aabd835a9b9f3bec44246f4310b5"
    },
    {
        "path": "hey-guuuuys.html",
        "type": "file",
        "md5": "484b819afe6baa10a2abf906154cb242"
    },
    {
        "path": "index.html",
        "type": "file",
        "md5": "898e5c6295c1bd0c550cd1e9d1814748"
    },
    {
        "path": "media",
        "type": "directory",
        "md5": false
    },
    {
        "path": "media/files",
        "type": "directory",
        "md5": false
    },
    {
        "path": "media/posts",
        "type": "directory",
        "md5": false
    },
    {
        "path": "media/posts/1",
        "type": "directory",
        "md5": false
    },
    {
        "path": "media/posts/1/responsive",
        "type": "directory",
        "md5": false
    },
    {
        "path": "/media/posts/1/responsive/yes-2xl.jpg",
        "type": "file",
        "md5": "86a3bae4b0dd590b476dd800efc1a40f"
    },
    {
        "path": "/media/posts/1/responsive/yes-lg.jpg",
        "type": "file",
        "md5": "86a3bae4b0dd590b476dd800efc1a40f"
    },
    {
        "path": "/media/posts/1/responsive/yes-md.jpg",
        "type": "file",
        "md5": "e20a7d05c19032bfddb700daf7ac4e63"
    },
    {
        "path": "/media/posts/1/responsive/yes-sm.jpg",
        "type": "file",
        "md5": "a6908a9fb48729fad2972399c2b85468"
    },
    {
        "path": "/media/posts/1/responsive/yes-xl.jpg",
        "type": "file",
        "md5": "86a3bae4b0dd590b476dd800efc1a40f"
    },
    {
        "path": "/media/posts/1/responsive/yes-xs.jpg",
        "type": "file",
        "md5": "0365b9f3a39f6cae9c6287c28e3f0557"
    },
    {
        "path": "/media/posts/1/yes.jpg",
        "type": "file",
        "md5": "6f50d801581b34d612d777de1abe9b7b"
    },
    {
        "path": "media/posts/2",
        "type": "directory",
        "md5": false
    },
    {
        "path": "media/posts/2/responsive",
        "type": "directory",
        "md5": false
    },
    {
        "path": "/media/posts/2/responsive/stun-2xl.jpg",
        "type": "file",
        "md5": "fce5a18c96004a256b21c565e4bd6a49"
    },
    {
        "path": "/media/posts/2/responsive/stun-lg.jpg",
        "type": "file",
        "md5": "fce5a18c96004a256b21c565e4bd6a49"
    },
    {
        "path": "/media/posts/2/responsive/stun-md.jpg",
        "type": "file",
        "md5": "fce5a18c96004a256b21c565e4bd6a49"
    },
    {
        "path": "/media/posts/2/responsive/stun-sm.jpg",
        "type": "file",
        "md5": "fce5a18c96004a256b21c565e4bd6a49"
    },
    {
        "path": "/media/posts/2/responsive/stun-xl.jpg",
        "type": "file",
        "md5": "fce5a18c96004a256b21c565e4bd6a49"
    },
    {
        "path": "/media/posts/2/responsive/stun-xs.jpg",
        "type": "file",
        "md5": "7c072fe9f08f418167523c346c1c5f5c"
    },
    {
        "path": "/media/posts/2/stun.jpg",
        "type": "file",
        "md5": "e22d6f7ef7bc86b5fd4ece36b80dd244"
    },
    {
        "path": "media/posts/3",
        "type": "directory",
        "md5": false
    },
    {
        "path": "/media/posts/3/asd.PNG",
        "type": "file",
        "md5": "16328ae14a388e79f266a7b7fcb85eb8"
    },
    {
        "path": "media/posts/3/responsive",
        "type": "directory",
        "md5": false
    },
    {
        "path": "/media/posts/3/responsive/asd-2xl.PNG",
        "type": "file",
        "md5": "022e2b03aa235d03745557581a772686"
    },
    {
        "path": "/media/posts/3/responsive/asd-lg.PNG",
        "type": "file",
        "md5": "022e2b03aa235d03745557581a772686"
    },
    {
        "path": "/media/posts/3/responsive/asd-md.PNG",
        "type": "file",
        "md5": "022e2b03aa235d03745557581a772686"
    },
    {
        "path": "/media/posts/3/responsive/asd-sm.PNG",
        "type": "file",
        "md5": "c224443ab59288dfebe56ba2cae3809b"
    },
    {
        "path": "/media/posts/3/responsive/asd-xl.PNG",
        "type": "file",
        "md5": "022e2b03aa235d03745557581a772686"
    },
    {
        "path": "/media/posts/3/responsive/asd-xs.PNG",
        "type": "file",
        "md5": "317a562fff3e4bc8f472acb9607902dd"
    },
    {
        "path": "media/website",
        "type": "directory",
        "md5": false
    },
    {
        "path": "/media/website/chch.jpg",
        "type": "file",
        "md5": "b9ad8f4bcb9ef000f3bff66803b660b2"
    },
    {
        "path": "media/website/responsive",
        "type": "directory",
        "md5": false
    },
    {
        "path": "/media/website/responsive/chch-2xl.jpg",
        "type": "file",
        "md5": "a92b301ec793ef83a630f8e91e853708"
    },
    {
        "path": "/media/website/responsive/chch-lg.jpg",
        "type": "file",
        "md5": "8dfaa555170dbf5f9e1bd86fd522bbae"
    },
    {
        "path": "/media/website/responsive/chch-md.jpg",
        "type": "file",
        "md5": "b15a4e3ca24569a1c01f5c4fe16f1c9d"
    },
    {
        "path": "/media/website/responsive/chch-sm.jpg",
        "type": "file",
        "md5": "0055cfb94dc8bdb6e1acdace3ef812ad"
    },
    {
        "path": "/media/website/responsive/chch-xl.jpg",
        "type": "file",
        "md5": "a92b301ec793ef83a630f8e91e853708"
    },
    {
        "path": "/media/website/responsive/chch-xs.jpg",
        "type": "file",
        "md5": "dc7ae50e3ed2fb35e19d0696a1ef4054"
    },
    {
        "path": "mediocre-at-best.html",
        "type": "file",
        "md5": "1e85bd4e9370a89849a6c623b6680aff"
    },
    {
        "path": "search.html",
        "type": "file",
        "md5": "44a138c4597fe345cf631b7fd9bb39bd"
    },
    {
        "path": "sitemap.xml",
        "type": "file",
        "md5": "c8faab8d859a92a6cb499853f4df8580"
    },
    {
        "path": "sitemap.xsl",
        "type": "file",
        "md5": "03c2f9a7fdcc46ff05c435907614a0b8"
    },
    {
        "path": "web-designing.html",
        "type": "file",
        "md5": "936cf5155893419db959dc3515f978fd"
    }
]